--
-- PostgreSQL database dump
--

-- Dumped from database version 13.16
-- Dumped by pg_dump version 13.16

SET statement_timeout = 0;
SET lock_timeout = 0;
SET idle_in_transaction_session_timeout = 0;
SET client_encoding = 'UTF8';
SET standard_conforming_strings = on;
SELECT pg_catalog.set_config('search_path', '', false);
SET check_function_bodies = false;
SET xmloption = content;
SET client_min_messages = warning;
SET row_security = off;

SET default_tablespace = '';

SET default_table_access_method = heap;

--
-- Name: auth_group; Type: TABLE; Schema: public; Owner: postgres
--

CREATE TABLE public.auth_group (
    id integer NOT NULL,
    name character varying(150) NOT NULL
);


ALTER TABLE public.auth_group OWNER TO postgres;

--
-- Name: auth_group_id_seq; Type: SEQUENCE; Schema: public; Owner: postgres
--

ALTER TABLE public.auth_group ALTER COLUMN id ADD GENERATED BY DEFAULT AS IDENTITY (
    SEQUENCE NAME public.auth_group_id_seq
    START WITH 1
    INCREMENT BY 1
    NO MINVALUE
    NO MAXVALUE
    CACHE 1
);


--
-- Name: auth_group_permissions; Type: TABLE; Schema: public; Owner: postgres
--

CREATE TABLE public.auth_group_permissions (
    id bigint NOT NULL,
    group_id integer NOT NULL,
    permission_id integer NOT NULL
);


ALTER TABLE public.auth_group_permissions OWNER TO postgres;

--
-- Name: auth_group_permissions_id_seq; Type: SEQUENCE; Schema: public; Owner: postgres
--

ALTER TABLE public.auth_group_permissions ALTER COLUMN id ADD GENERATED BY DEFAULT AS IDENTITY (
    SEQUENCE NAME public.auth_group_permissions_id_seq
    START WITH 1
    INCREMENT BY 1
    NO MINVALUE
    NO MAXVALUE
    CACHE 1
);


--
-- Name: auth_permission; Type: TABLE; Schema: public; Owner: postgres
--

CREATE TABLE public.auth_permission (
    id integer NOT NULL,
    name character varying(255) NOT NULL,
    content_type_id integer NOT NULL,
    codename character varying(100) NOT NULL
);


ALTER TABLE public.auth_permission OWNER TO postgres;

--
-- Name: auth_permission_id_seq; Type: SEQUENCE; Schema: public; Owner: postgres
--

ALTER TABLE public.auth_permission ALTER COLUMN id ADD GENERATED BY DEFAULT AS IDENTITY (
    SEQUENCE NAME public.auth_permission_id_seq
    START WITH 1
    INCREMENT BY 1
    NO MINVALUE
    NO MAXVALUE
    CACHE 1
);


--
-- Name: auth_user; Type: TABLE; Schema: public; Owner: postgres
--

CREATE TABLE public.auth_user (
    id integer NOT NULL,
    password character varying(128) NOT NULL,
    last_login timestamp with time zone,
    is_superuser boolean NOT NULL,
    username character varying(150) NOT NULL,
    first_name character varying(150) NOT NULL,
    last_name character varying(150) NOT NULL,
    email character varying(254) NOT NULL,
    is_staff boolean NOT NULL,
    is_active boolean NOT NULL,
    date_joined timestamp with time zone NOT NULL
);


ALTER TABLE public.auth_user OWNER TO postgres;

--
-- Name: auth_user_groups; Type: TABLE; Schema: public; Owner: postgres
--

CREATE TABLE public.auth_user_groups (
    id bigint NOT NULL,
    user_id integer NOT NULL,
    group_id integer NOT NULL
);


ALTER TABLE public.auth_user_groups OWNER TO postgres;

--
-- Name: auth_user_groups_id_seq; Type: SEQUENCE; Schema: public; Owner: postgres
--

ALTER TABLE public.auth_user_groups ALTER COLUMN id ADD GENERATED BY DEFAULT AS IDENTITY (
    SEQUENCE NAME public.auth_user_groups_id_seq
    START WITH 1
    INCREMENT BY 1
    NO MINVALUE
    NO MAXVALUE
    CACHE 1
);


--
-- Name: auth_user_id_seq; Type: SEQUENCE; Schema: public; Owner: postgres
--

ALTER TABLE public.auth_user ALTER COLUMN id ADD GENERATED BY DEFAULT AS IDENTITY (
    SEQUENCE NAME public.auth_user_id_seq
    START WITH 1
    INCREMENT BY 1
    NO MINVALUE
    NO MAXVALUE
    CACHE 1
);


--
-- Name: auth_user_user_permissions; Type: TABLE; Schema: public; Owner: postgres
--

CREATE TABLE public.auth_user_user_permissions (
    id bigint NOT NULL,
    user_id integer NOT NULL,
    permission_id integer NOT NULL
);


ALTER TABLE public.auth_user_user_permissions OWNER TO postgres;

--
-- Name: auth_user_user_permissions_id_seq; Type: SEQUENCE; Schema: public; Owner: postgres
--

ALTER TABLE public.auth_user_user_permissions ALTER COLUMN id ADD GENERATED BY DEFAULT AS IDENTITY (
    SEQUENCE NAME public.auth_user_user_permissions_id_seq
    START WITH 1
    INCREMENT BY 1
    NO MINVALUE
    NO MAXVALUE
    CACHE 1
);


--
-- Name: django_admin_log; Type: TABLE; Schema: public; Owner: postgres
--

CREATE TABLE public.django_admin_log (
    id integer NOT NULL,
    action_time timestamp with time zone NOT NULL,
    object_id text,
    object_repr character varying(200) NOT NULL,
    action_flag smallint NOT NULL,
    change_message text NOT NULL,
    content_type_id integer,
    user_id integer NOT NULL,
    CONSTRAINT django_admin_log_action_flag_check CHECK ((action_flag >= 0))
);


ALTER TABLE public.django_admin_log OWNER TO postgres;

--
-- Name: django_admin_log_id_seq; Type: SEQUENCE; Schema: public; Owner: postgres
--

ALTER TABLE public.django_admin_log ALTER COLUMN id ADD GENERATED BY DEFAULT AS IDENTITY (
    SEQUENCE NAME public.django_admin_log_id_seq
    START WITH 1
    INCREMENT BY 1
    NO MINVALUE
    NO MAXVALUE
    CACHE 1
);


--
-- Name: django_content_type; Type: TABLE; Schema: public; Owner: postgres
--

CREATE TABLE public.django_content_type (
    id integer NOT NULL,
    app_label character varying(100) NOT NULL,
    model character varying(100) NOT NULL
);


ALTER TABLE public.django_content_type OWNER TO postgres;

--
-- Name: django_content_type_id_seq; Type: SEQUENCE; Schema: public; Owner: postgres
--

ALTER TABLE public.django_content_type ALTER COLUMN id ADD GENERATED BY DEFAULT AS IDENTITY (
    SEQUENCE NAME public.django_content_type_id_seq
    START WITH 1
    INCREMENT BY 1
    NO MINVALUE
    NO MAXVALUE
    CACHE 1
);


--
-- Name: django_migrations; Type: TABLE; Schema: public; Owner: postgres
--

CREATE TABLE public.django_migrations (
    id bigint NOT NULL,
    app character varying(255) NOT NULL,
    name character varying(255) NOT NULL,
    applied timestamp with time zone NOT NULL
);


ALTER TABLE public.django_migrations OWNER TO postgres;

--
-- Name: django_migrations_id_seq; Type: SEQUENCE; Schema: public; Owner: postgres
--

ALTER TABLE public.django_migrations ALTER COLUMN id ADD GENERATED BY DEFAULT AS IDENTITY (
    SEQUENCE NAME public.django_migrations_id_seq
    START WITH 1
    INCREMENT BY 1
    NO MINVALUE
    NO MAXVALUE
    CACHE 1
);


--
-- Name: django_session; Type: TABLE; Schema: public; Owner: postgres
--

CREATE TABLE public.django_session (
    session_key character varying(40) NOT NULL,
    session_data text NOT NULL,
    expire_date timestamp with time zone NOT NULL
);


ALTER TABLE public.django_session OWNER TO postgres;

--
-- Name: web_categoria; Type: TABLE; Schema: public; Owner: postgres
--

CREATE TABLE public.web_categoria (
    id bigint NOT NULL,
    nombre character varying(255) NOT NULL
);


ALTER TABLE public.web_categoria OWNER TO postgres;

--
-- Name: web_categoria_id_seq; Type: SEQUENCE; Schema: public; Owner: postgres
--

ALTER TABLE public.web_categoria ALTER COLUMN id ADD GENERATED BY DEFAULT AS IDENTITY (
    SEQUENCE NAME public.web_categoria_id_seq
    START WITH 1
    INCREMENT BY 1
    NO MINVALUE
    NO MAXVALUE
    CACHE 1
);


--
-- Name: web_contiene; Type: TABLE; Schema: public; Owner: postgres
--

CREATE TABLE public.web_contiene (
    id bigint NOT NULL,
    producto_id bigint NOT NULL,
    venta_id bigint NOT NULL
);


ALTER TABLE public.web_contiene OWNER TO postgres;

--
-- Name: web_contiene_id_seq; Type: SEQUENCE; Schema: public; Owner: postgres
--

ALTER TABLE public.web_contiene ALTER COLUMN id ADD GENERATED BY DEFAULT AS IDENTITY (
    SEQUENCE NAME public.web_contiene_id_seq
    START WITH 1
    INCREMENT BY 1
    NO MINVALUE
    NO MAXVALUE
    CACHE 1
);


--
-- Name: web_formato; Type: TABLE; Schema: public; Owner: postgres
--

CREATE TABLE public.web_formato (
    id bigint NOT NULL,
    nombre character varying(45) NOT NULL,
    cantidad character varying(45) NOT NULL,
    producto_id bigint NOT NULL
);


ALTER TABLE public.web_formato OWNER TO postgres;

--
-- Name: web_formato_id_seq; Type: SEQUENCE; Schema: public; Owner: postgres
--

ALTER TABLE public.web_formato ALTER COLUMN id ADD GENERATED BY DEFAULT AS IDENTITY (
    SEQUENCE NAME public.web_formato_id_seq
    START WITH 1
    INCREMENT BY 1
    NO MINVALUE
    NO MAXVALUE
    CACHE 1
);


--
-- Name: web_producto; Type: TABLE; Schema: public; Owner: postgres
--

CREATE TABLE public.web_producto (
    id bigint NOT NULL,
    nombre character varying(100) NOT NULL,
    stock integer NOT NULL,
    unidades boolean NOT NULL,
    precio_por_unidad integer NOT NULL,
    categoria_id bigint
);


ALTER TABLE public.web_producto OWNER TO postgres;

--
-- Name: web_producto_id_seq; Type: SEQUENCE; Schema: public; Owner: postgres
--

ALTER TABLE public.web_producto ALTER COLUMN id ADD GENERATED BY DEFAULT AS IDENTITY (
    SEQUENCE NAME public.web_producto_id_seq
    START WITH 1
    INCREMENT BY 1
    NO MINVALUE
    NO MAXVALUE
    CACHE 1
);


--
-- Name: web_venta; Type: TABLE; Schema: public; Owner: postgres
--

CREATE TABLE public.web_venta (
    id bigint NOT NULL,
    fecha date NOT NULL,
    cantidad integer NOT NULL,
    user_id integer NOT NULL,
    producto_id bigint NOT NULL
);


ALTER TABLE public.web_venta OWNER TO postgres;

--
-- Name: web_venta_id_seq; Type: SEQUENCE; Schema: public; Owner: postgres
--

ALTER TABLE public.web_venta ALTER COLUMN id ADD GENERATED BY DEFAULT AS IDENTITY (
    SEQUENCE NAME public.web_venta_id_seq
    START WITH 1
    INCREMENT BY 1
    NO MINVALUE
    NO MAXVALUE
    CACHE 1
);


--
-- Data for Name: auth_group; Type: TABLE DATA; Schema: public; Owner: postgres
--

COPY public.auth_group (id, name) FROM stdin;
\.


--
-- Data for Name: auth_group_permissions; Type: TABLE DATA; Schema: public; Owner: postgres
--

COPY public.auth_group_permissions (id, group_id, permission_id) FROM stdin;
\.


--
-- Data for Name: auth_permission; Type: TABLE DATA; Schema: public; Owner: postgres
--

COPY public.auth_permission (id, name, content_type_id, codename) FROM stdin;
1	Can add log entry	1	add_logentry
2	Can change log entry	1	change_logentry
3	Can delete log entry	1	delete_logentry
4	Can view log entry	1	view_logentry
5	Can add permission	2	add_permission
6	Can change permission	2	change_permission
7	Can delete permission	2	delete_permission
8	Can view permission	2	view_permission
9	Can add group	3	add_group
10	Can change group	3	change_group
11	Can delete group	3	delete_group
12	Can view group	3	view_group
13	Can add user	4	add_user
14	Can change user	4	change_user
15	Can delete user	4	delete_user
16	Can view user	4	view_user
17	Can add content type	5	add_contenttype
18	Can change content type	5	change_contenttype
19	Can delete content type	5	delete_contenttype
20	Can view content type	5	view_contenttype
21	Can add session	6	add_session
22	Can change session	6	change_session
23	Can delete session	6	delete_session
24	Can view session	6	view_session
25	Can add producto	7	add_producto
26	Can change producto	7	change_producto
27	Can delete producto	7	delete_producto
28	Can view producto	7	view_producto
29	Can add formato	8	add_formato
30	Can change formato	8	change_formato
31	Can delete formato	8	delete_formato
32	Can view formato	8	view_formato
33	Can add venta	9	add_venta
34	Can change venta	9	change_venta
35	Can delete venta	9	delete_venta
36	Can view venta	9	view_venta
37	Can add contiene	10	add_contiene
38	Can change contiene	10	change_contiene
39	Can delete contiene	10	delete_contiene
40	Can view contiene	10	view_contiene
41	Can add categoria	11	add_categoria
42	Can change categoria	11	change_categoria
43	Can delete categoria	11	delete_categoria
44	Can view categoria	11	view_categoria
\.


--
-- Data for Name: auth_user; Type: TABLE DATA; Schema: public; Owner: postgres
--

COPY public.auth_user (id, password, last_login, is_superuser, username, first_name, last_name, email, is_staff, is_active, date_joined) FROM stdin;
1	pbkdf2_sha256$870000$vAccMBTZ1igfjXCtPlQwpM$r/ZQ5oCzNnhmqF5uFfFLCKM6h/ZTcdG0mXIIgzGxOO4=	2024-11-03 23:12:14.61957-03	t	admin			admin@mail.com	t	t	2024-11-02 15:45:31.101949-03
2	pbkdf2_sha256$870000$AnNxdWIZah3Z0hqOyg304x$somtljwVSSQieqSv33mqzmRD73HjGt1w/yhFDg76YX8=	2024-11-04 09:00:44.750967-03	f	juan@mail.com	Juan	Perez	juan@mail.com	f	t	2024-11-02 16:09:31.988651-03
\.


--
-- Data for Name: auth_user_groups; Type: TABLE DATA; Schema: public; Owner: postgres
--

COPY public.auth_user_groups (id, user_id, group_id) FROM stdin;
\.


--
-- Data for Name: auth_user_user_permissions; Type: TABLE DATA; Schema: public; Owner: postgres
--

COPY public.auth_user_user_permissions (id, user_id, permission_id) FROM stdin;
\.


--
-- Data for Name: django_admin_log; Type: TABLE DATA; Schema: public; Owner: postgres
--

COPY public.django_admin_log (id, action_time, object_id, object_repr, action_flag, change_message, content_type_id, user_id) FROM stdin;
1	2024-11-02 15:58:35.973133-03	1	Frutilla	1	[{"added": {}}]	7	1
2	2024-11-02 16:03:11.766925-03	1	Bandeja - 7 kilos	1	[{"added": {}}]	8	1
3	2024-11-02 16:04:15.641888-03	2	Zapallo	1	[{"added": {}}]	7	1
4	2024-11-02 16:04:58.390834-03	2	Saco - 10	1	[{"added": {}}]	8	1
5	2024-11-02 16:06:11.539422-03	3	Papas	1	[{"added": {}}]	7	1
6	2024-11-02 16:06:44.96914-03	3	Saco - 80	1	[{"added": {}}]	8	1
7	2024-11-02 16:07:29.479517-03	4	Tomate	1	[{"added": {}}]	7	1
8	2024-11-02 16:08:14.902439-03	4	Cajon - 80	1	[{"added": {}}]	8	1
9	2024-11-03 22:18:30.199009-03	1	Categoria object (1)	1	[{"added": {}}]	11	1
10	2024-11-03 22:18:37.984661-03	2	Categoria object (2)	1	[{"added": {}}]	11	1
11	2024-11-03 22:19:01.243674-03	3	Categoria object (3)	1	[{"added": {}}]	11	1
12	2024-11-03 22:27:28.136026-03	4	Tomate - Verduras	2	[{"changed": {"fields": ["Categoria"]}}]	7	1
13	2024-11-03 22:29:12.330018-03	3	Papas - Hortalizas	2	[{"changed": {"fields": ["Categoria"]}}]	7	1
14	2024-11-03 22:29:24.015206-03	2	Zapallo - Hortalizas	2	[{"changed": {"fields": ["Categoria"]}}]	7	1
15	2024-11-03 22:29:28.205048-03	1	Frutilla - Frutas	2	[{"changed": {"fields": ["Categoria"]}}]	7	1
\.


--
-- Data for Name: django_content_type; Type: TABLE DATA; Schema: public; Owner: postgres
--

COPY public.django_content_type (id, app_label, model) FROM stdin;
1	admin	logentry
2	auth	permission
3	auth	group
4	auth	user
5	contenttypes	contenttype
6	sessions	session
7	web	producto
8	web	formato
9	web	venta
10	web	contiene
11	web	categoria
\.


--
-- Data for Name: django_migrations; Type: TABLE DATA; Schema: public; Owner: postgres
--

COPY public.django_migrations (id, app, name, applied) FROM stdin;
1	contenttypes	0001_initial	2024-11-02 15:41:42.54006-03
2	auth	0001_initial	2024-11-02 15:41:42.605804-03
3	admin	0001_initial	2024-11-02 15:41:42.641264-03
4	admin	0002_logentry_remove_auto_add	2024-11-02 15:41:42.650259-03
5	admin	0003_logentry_add_action_flag_choices	2024-11-02 15:41:42.678967-03
6	contenttypes	0002_remove_content_type_name	2024-11-02 15:41:42.694876-03
7	auth	0002_alter_permission_name_max_length	2024-11-02 15:41:42.701891-03
8	auth	0003_alter_user_email_max_length	2024-11-02 15:41:42.711887-03
9	auth	0004_alter_user_username_opts	2024-11-02 15:41:42.71789-03
10	auth	0005_alter_user_last_login_null	2024-11-02 15:41:42.727891-03
11	auth	0006_require_contenttypes_0002	2024-11-02 15:41:42.728706-03
12	auth	0007_alter_validators_add_error_messages	2024-11-02 15:41:42.735714-03
13	auth	0008_alter_user_username_max_length	2024-11-02 15:41:42.746287-03
14	auth	0009_alter_user_last_name_max_length	2024-11-02 15:41:42.756107-03
15	auth	0010_alter_group_name_max_length	2024-11-02 15:41:42.76573-03
16	auth	0011_update_proxy_permissions	2024-11-02 15:41:42.772548-03
17	auth	0012_alter_user_first_name_max_length	2024-11-02 15:41:42.779528-03
18	sessions	0001_initial	2024-11-02 15:41:42.79259-03
19	web	0001_initial	2024-11-02 15:41:42.848318-03
20	web	0002_categoria_venta_producto_producto_categoria	2024-11-03 22:01:51.118074-03
\.


--
-- Data for Name: django_session; Type: TABLE DATA; Schema: public; Owner: postgres
--

COPY public.django_session (session_key, session_data, expire_date) FROM stdin;
qa668l7t9zq5p3e084enbzoyw53evrwn	.eJxVjMsOwiAQRf-FtSGU4VFcuvcbyAwDUjU0Ke3K-O_apAvd3nPOfYmI21rj1vMSJxZnocXpdyNMj9x2wHdst1mmua3LRHJX5EG7vM6cn5fD_Tuo2Ou3VozsaPCjBWWcgTJ41pqyh9FhUF5ZRwyQUwlIOhRTCtoMbEvQJhGK9wfWOzgy:1t7vlE:kw4U5CMGg_RXtzW-D8e0cAXJ54YjNEbP8IYYD5vOMAk	2024-11-18 09:00:44.754185-03
\.


--
-- Data for Name: web_categoria; Type: TABLE DATA; Schema: public; Owner: postgres
--

COPY public.web_categoria (id, nombre) FROM stdin;
1	Frutas
2	Verduras
3	Hortalizas
\.


--
-- Data for Name: web_contiene; Type: TABLE DATA; Schema: public; Owner: postgres
--

COPY public.web_contiene (id, producto_id, venta_id) FROM stdin;
1	4	5
2	2	6
3	1	7
\.


--
-- Data for Name: web_formato; Type: TABLE DATA; Schema: public; Owner: postgres
--

COPY public.web_formato (id, nombre, cantidad, producto_id) FROM stdin;
2	Saco	10	2
3	Saco	80	3
4	Cajon	80	4
1	Bandeja	7	1
\.


--
-- Data for Name: web_producto; Type: TABLE DATA; Schema: public; Owner: postgres
--

COPY public.web_producto (id, nombre, stock, unidades, precio_por_unidad, categoria_id) FROM stdin;
3	Papas	200	f	800	3
4	Tomate	198	f	600	2
2	Zapallo	17	t	3000	3
1	Frutilla	39	f	2000	1
\.


--
-- Data for Name: web_venta; Type: TABLE DATA; Schema: public; Owner: postgres
--

COPY public.web_venta (id, fecha, cantidad, user_id, producto_id) FROM stdin;
1	2024-11-02	1	2	1
4	2024-11-03	2	1	4
5	2024-11-03	2	1	4
6	2024-11-03	3	2	2
7	2024-11-03	5	2	1
\.


--
-- Name: auth_group_id_seq; Type: SEQUENCE SET; Schema: public; Owner: postgres
--

SELECT pg_catalog.setval('public.auth_group_id_seq', 1, false);


--
-- Name: auth_group_permissions_id_seq; Type: SEQUENCE SET; Schema: public; Owner: postgres
--

SELECT pg_catalog.setval('public.auth_group_permissions_id_seq', 1, false);


--
-- Name: auth_permission_id_seq; Type: SEQUENCE SET; Schema: public; Owner: postgres
--

SELECT pg_catalog.setval('public.auth_permission_id_seq', 44, true);


--
-- Name: auth_user_groups_id_seq; Type: SEQUENCE SET; Schema: public; Owner: postgres
--

SELECT pg_catalog.setval('public.auth_user_groups_id_seq', 1, false);


--
-- Name: auth_user_id_seq; Type: SEQUENCE SET; Schema: public; Owner: postgres
--

SELECT pg_catalog.setval('public.auth_user_id_seq', 2, true);


--
-- Name: auth_user_user_permissions_id_seq; Type: SEQUENCE SET; Schema: public; Owner: postgres
--

SELECT pg_catalog.setval('public.auth_user_user_permissions_id_seq', 1, false);


--
-- Name: django_admin_log_id_seq; Type: SEQUENCE SET; Schema: public; Owner: postgres
--

SELECT pg_catalog.setval('public.django_admin_log_id_seq', 15, true);


--
-- Name: django_content_type_id_seq; Type: SEQUENCE SET; Schema: public; Owner: postgres
--

SELECT pg_catalog.setval('public.django_content_type_id_seq', 11, true);


--
-- Name: django_migrations_id_seq; Type: SEQUENCE SET; Schema: public; Owner: postgres
--

SELECT pg_catalog.setval('public.django_migrations_id_seq', 20, true);


--
-- Name: web_categoria_id_seq; Type: SEQUENCE SET; Schema: public; Owner: postgres
--

SELECT pg_catalog.setval('public.web_categoria_id_seq', 3, true);


--
-- Name: web_contiene_id_seq; Type: SEQUENCE SET; Schema: public; Owner: postgres
--

SELECT pg_catalog.setval('public.web_contiene_id_seq', 3, true);


--
-- Name: web_formato_id_seq; Type: SEQUENCE SET; Schema: public; Owner: postgres
--

SELECT pg_catalog.setval('public.web_formato_id_seq', 4, true);


--
-- Name: web_producto_id_seq; Type: SEQUENCE SET; Schema: public; Owner: postgres
--

SELECT pg_catalog.setval('public.web_producto_id_seq', 4, true);


--
-- Name: web_venta_id_seq; Type: SEQUENCE SET; Schema: public; Owner: postgres
--

SELECT pg_catalog.setval('public.web_venta_id_seq', 7, true);


--
-- Name: auth_group auth_group_name_key; Type: CONSTRAINT; Schema: public; Owner: postgres
--

ALTER TABLE ONLY public.auth_group
    ADD CONSTRAINT auth_group_name_key UNIQUE (name);


--
-- Name: auth_group_permissions auth_group_permissions_group_id_permission_id_0cd325b0_uniq; Type: CONSTRAINT; Schema: public; Owner: postgres
--

ALTER TABLE ONLY public.auth_group_permissions
    ADD CONSTRAINT auth_group_permissions_group_id_permission_id_0cd325b0_uniq UNIQUE (group_id, permission_id);


--
-- Name: auth_group_permissions auth_group_permissions_pkey; Type: CONSTRAINT; Schema: public; Owner: postgres
--

ALTER TABLE ONLY public.auth_group_permissions
    ADD CONSTRAINT auth_group_permissions_pkey PRIMARY KEY (id);


--
-- Name: auth_group auth_group_pkey; Type: CONSTRAINT; Schema: public; Owner: postgres
--

ALTER TABLE ONLY public.auth_group
    ADD CONSTRAINT auth_group_pkey PRIMARY KEY (id);


--
-- Name: auth_permission auth_permission_content_type_id_codename_01ab375a_uniq; Type: CONSTRAINT; Schema: public; Owner: postgres
--

ALTER TABLE ONLY public.auth_permission
    ADD CONSTRAINT auth_permission_content_type_id_codename_01ab375a_uniq UNIQUE (content_type_id, codename);


--
-- Name: auth_permission auth_permission_pkey; Type: CONSTRAINT; Schema: public; Owner: postgres
--

ALTER TABLE ONLY public.auth_permission
    ADD CONSTRAINT auth_permission_pkey PRIMARY KEY (id);


--
-- Name: auth_user_groups auth_user_groups_pkey; Type: CONSTRAINT; Schema: public; Owner: postgres
--

ALTER TABLE ONLY public.auth_user_groups
    ADD CONSTRAINT auth_user_groups_pkey PRIMARY KEY (id);


--
-- Name: auth_user_groups auth_user_groups_user_id_group_id_94350c0c_uniq; Type: CONSTRAINT; Schema: public; Owner: postgres
--

ALTER TABLE ONLY public.auth_user_groups
    ADD CONSTRAINT auth_user_groups_user_id_group_id_94350c0c_uniq UNIQUE (user_id, group_id);


--
-- Name: auth_user auth_user_pkey; Type: CONSTRAINT; Schema: public; Owner: postgres
--

ALTER TABLE ONLY public.auth_user
    ADD CONSTRAINT auth_user_pkey PRIMARY KEY (id);


--
-- Name: auth_user_user_permissions auth_user_user_permissions_pkey; Type: CONSTRAINT; Schema: public; Owner: postgres
--

ALTER TABLE ONLY public.auth_user_user_permissions
    ADD CONSTRAINT auth_user_user_permissions_pkey PRIMARY KEY (id);


--
-- Name: auth_user_user_permissions auth_user_user_permissions_user_id_permission_id_14a6b632_uniq; Type: CONSTRAINT; Schema: public; Owner: postgres
--

ALTER TABLE ONLY public.auth_user_user_permissions
    ADD CONSTRAINT auth_user_user_permissions_user_id_permission_id_14a6b632_uniq UNIQUE (user_id, permission_id);


--
-- Name: auth_user auth_user_username_key; Type: CONSTRAINT; Schema: public; Owner: postgres
--

ALTER TABLE ONLY public.auth_user
    ADD CONSTRAINT auth_user_username_key UNIQUE (username);


--
-- Name: django_admin_log django_admin_log_pkey; Type: CONSTRAINT; Schema: public; Owner: postgres
--

ALTER TABLE ONLY public.django_admin_log
    ADD CONSTRAINT django_admin_log_pkey PRIMARY KEY (id);


--
-- Name: django_content_type django_content_type_app_label_model_76bd3d3b_uniq; Type: CONSTRAINT; Schema: public; Owner: postgres
--

ALTER TABLE ONLY public.django_content_type
    ADD CONSTRAINT django_content_type_app_label_model_76bd3d3b_uniq UNIQUE (app_label, model);


--
-- Name: django_content_type django_content_type_pkey; Type: CONSTRAINT; Schema: public; Owner: postgres
--

ALTER TABLE ONLY public.django_content_type
    ADD CONSTRAINT django_content_type_pkey PRIMARY KEY (id);


--
-- Name: django_migrations django_migrations_pkey; Type: CONSTRAINT; Schema: public; Owner: postgres
--

ALTER TABLE ONLY public.django_migrations
    ADD CONSTRAINT django_migrations_pkey PRIMARY KEY (id);


--
-- Name: django_session django_session_pkey; Type: CONSTRAINT; Schema: public; Owner: postgres
--

ALTER TABLE ONLY public.django_session
    ADD CONSTRAINT django_session_pkey PRIMARY KEY (session_key);


--
-- Name: web_categoria web_categoria_pkey; Type: CONSTRAINT; Schema: public; Owner: postgres
--

ALTER TABLE ONLY public.web_categoria
    ADD CONSTRAINT web_categoria_pkey PRIMARY KEY (id);


--
-- Name: web_contiene web_contiene_pkey; Type: CONSTRAINT; Schema: public; Owner: postgres
--

ALTER TABLE ONLY public.web_contiene
    ADD CONSTRAINT web_contiene_pkey PRIMARY KEY (id);


--
-- Name: web_formato web_formato_pkey; Type: CONSTRAINT; Schema: public; Owner: postgres
--

ALTER TABLE ONLY public.web_formato
    ADD CONSTRAINT web_formato_pkey PRIMARY KEY (id);


--
-- Name: web_producto web_producto_pkey; Type: CONSTRAINT; Schema: public; Owner: postgres
--

ALTER TABLE ONLY public.web_producto
    ADD CONSTRAINT web_producto_pkey PRIMARY KEY (id);


--
-- Name: web_venta web_venta_pkey; Type: CONSTRAINT; Schema: public; Owner: postgres
--

ALTER TABLE ONLY public.web_venta
    ADD CONSTRAINT web_venta_pkey PRIMARY KEY (id);


--
-- Name: auth_group_name_a6ea08ec_like; Type: INDEX; Schema: public; Owner: postgres
--

CREATE INDEX auth_group_name_a6ea08ec_like ON public.auth_group USING btree (name varchar_pattern_ops);


--
-- Name: auth_group_permissions_group_id_b120cbf9; Type: INDEX; Schema: public; Owner: postgres
--

CREATE INDEX auth_group_permissions_group_id_b120cbf9 ON public.auth_group_permissions USING btree (group_id);


--
-- Name: auth_group_permissions_permission_id_84c5c92e; Type: INDEX; Schema: public; Owner: postgres
--

CREATE INDEX auth_group_permissions_permission_id_84c5c92e ON public.auth_group_permissions USING btree (permission_id);


--
-- Name: auth_permission_content_type_id_2f476e4b; Type: INDEX; Schema: public; Owner: postgres
--

CREATE INDEX auth_permission_content_type_id_2f476e4b ON public.auth_permission USING btree (content_type_id);


--
-- Name: auth_user_groups_group_id_97559544; Type: INDEX; Schema: public; Owner: postgres
--

CREATE INDEX auth_user_groups_group_id_97559544 ON public.auth_user_groups USING btree (group_id);


--
-- Name: auth_user_groups_user_id_6a12ed8b; Type: INDEX; Schema: public; Owner: postgres
--

CREATE INDEX auth_user_groups_user_id_6a12ed8b ON public.auth_user_groups USING btree (user_id);


--
-- Name: auth_user_user_permissions_permission_id_1fbb5f2c; Type: INDEX; Schema: public; Owner: postgres
--

CREATE INDEX auth_user_user_permissions_permission_id_1fbb5f2c ON public.auth_user_user_permissions USING btree (permission_id);


--
-- Name: auth_user_user_permissions_user_id_a95ead1b; Type: INDEX; Schema: public; Owner: postgres
--

CREATE INDEX auth_user_user_permissions_user_id_a95ead1b ON public.auth_user_user_permissions USING btree (user_id);


--
-- Name: auth_user_username_6821ab7c_like; Type: INDEX; Schema: public; Owner: postgres
--

CREATE INDEX auth_user_username_6821ab7c_like ON public.auth_user USING btree (username varchar_pattern_ops);


--
-- Name: django_admin_log_content_type_id_c4bce8eb; Type: INDEX; Schema: public; Owner: postgres
--

CREATE INDEX django_admin_log_content_type_id_c4bce8eb ON public.django_admin_log USING btree (content_type_id);


--
-- Name: django_admin_log_user_id_c564eba6; Type: INDEX; Schema: public; Owner: postgres
--

CREATE INDEX django_admin_log_user_id_c564eba6 ON public.django_admin_log USING btree (user_id);


--
-- Name: django_session_expire_date_a5c62663; Type: INDEX; Schema: public; Owner: postgres
--

CREATE INDEX django_session_expire_date_a5c62663 ON public.django_session USING btree (expire_date);


--
-- Name: django_session_session_key_c0390e0f_like; Type: INDEX; Schema: public; Owner: postgres
--

CREATE INDEX django_session_session_key_c0390e0f_like ON public.django_session USING btree (session_key varchar_pattern_ops);


--
-- Name: web_contiene_producto_id_5553a732; Type: INDEX; Schema: public; Owner: postgres
--

CREATE INDEX web_contiene_producto_id_5553a732 ON public.web_contiene USING btree (producto_id);


--
-- Name: web_contiene_venta_id_bd759704; Type: INDEX; Schema: public; Owner: postgres
--

CREATE INDEX web_contiene_venta_id_bd759704 ON public.web_contiene USING btree (venta_id);


--
-- Name: web_formato_producto_id_842e01f8; Type: INDEX; Schema: public; Owner: postgres
--

CREATE INDEX web_formato_producto_id_842e01f8 ON public.web_formato USING btree (producto_id);


--
-- Name: web_producto_categoria_id_d7291d19; Type: INDEX; Schema: public; Owner: postgres
--

CREATE INDEX web_producto_categoria_id_d7291d19 ON public.web_producto USING btree (categoria_id);


--
-- Name: web_venta_producto_id_591759c0; Type: INDEX; Schema: public; Owner: postgres
--

CREATE INDEX web_venta_producto_id_591759c0 ON public.web_venta USING btree (producto_id);


--
-- Name: web_venta_user_id_0042b0ed; Type: INDEX; Schema: public; Owner: postgres
--

CREATE INDEX web_venta_user_id_0042b0ed ON public.web_venta USING btree (user_id);


--
-- Name: auth_group_permissions auth_group_permissio_permission_id_84c5c92e_fk_auth_perm; Type: FK CONSTRAINT; Schema: public; Owner: postgres
--

ALTER TABLE ONLY public.auth_group_permissions
    ADD CONSTRAINT auth_group_permissio_permission_id_84c5c92e_fk_auth_perm FOREIGN KEY (permission_id) REFERENCES public.auth_permission(id) DEFERRABLE INITIALLY DEFERRED;


--
-- Name: auth_group_permissions auth_group_permissions_group_id_b120cbf9_fk_auth_group_id; Type: FK CONSTRAINT; Schema: public; Owner: postgres
--

ALTER TABLE ONLY public.auth_group_permissions
    ADD CONSTRAINT auth_group_permissions_group_id_b120cbf9_fk_auth_group_id FOREIGN KEY (group_id) REFERENCES public.auth_group(id) DEFERRABLE INITIALLY DEFERRED;


--
-- Name: auth_permission auth_permission_content_type_id_2f476e4b_fk_django_co; Type: FK CONSTRAINT; Schema: public; Owner: postgres
--

ALTER TABLE ONLY public.auth_permission
    ADD CONSTRAINT auth_permission_content_type_id_2f476e4b_fk_django_co FOREIGN KEY (content_type_id) REFERENCES public.django_content_type(id) DEFERRABLE INITIALLY DEFERRED;


--
-- Name: auth_user_groups auth_user_groups_group_id_97559544_fk_auth_group_id; Type: FK CONSTRAINT; Schema: public; Owner: postgres
--

ALTER TABLE ONLY public.auth_user_groups
    ADD CONSTRAINT auth_user_groups_group_id_97559544_fk_auth_group_id FOREIGN KEY (group_id) REFERENCES public.auth_group(id) DEFERRABLE INITIALLY DEFERRED;


--
-- Name: auth_user_groups auth_user_groups_user_id_6a12ed8b_fk_auth_user_id; Type: FK CONSTRAINT; Schema: public; Owner: postgres
--

ALTER TABLE ONLY public.auth_user_groups
    ADD CONSTRAINT auth_user_groups_user_id_6a12ed8b_fk_auth_user_id FOREIGN KEY (user_id) REFERENCES public.auth_user(id) DEFERRABLE INITIALLY DEFERRED;


--
-- Name: auth_user_user_permissions auth_user_user_permi_permission_id_1fbb5f2c_fk_auth_perm; Type: FK CONSTRAINT; Schema: public; Owner: postgres
--

ALTER TABLE ONLY public.auth_user_user_permissions
    ADD CONSTRAINT auth_user_user_permi_permission_id_1fbb5f2c_fk_auth_perm FOREIGN KEY (permission_id) REFERENCES public.auth_permission(id) DEFERRABLE INITIALLY DEFERRED;


--
-- Name: auth_user_user_permissions auth_user_user_permissions_user_id_a95ead1b_fk_auth_user_id; Type: FK CONSTRAINT; Schema: public; Owner: postgres
--

ALTER TABLE ONLY public.auth_user_user_permissions
    ADD CONSTRAINT auth_user_user_permissions_user_id_a95ead1b_fk_auth_user_id FOREIGN KEY (user_id) REFERENCES public.auth_user(id) DEFERRABLE INITIALLY DEFERRED;


--
-- Name: django_admin_log django_admin_log_content_type_id_c4bce8eb_fk_django_co; Type: FK CONSTRAINT; Schema: public; Owner: postgres
--

ALTER TABLE ONLY public.django_admin_log
    ADD CONSTRAINT django_admin_log_content_type_id_c4bce8eb_fk_django_co FOREIGN KEY (content_type_id) REFERENCES public.django_content_type(id) DEFERRABLE INITIALLY DEFERRED;


--
-- Name: django_admin_log django_admin_log_user_id_c564eba6_fk_auth_user_id; Type: FK CONSTRAINT; Schema: public; Owner: postgres
--

ALTER TABLE ONLY public.django_admin_log
    ADD CONSTRAINT django_admin_log_user_id_c564eba6_fk_auth_user_id FOREIGN KEY (user_id) REFERENCES public.auth_user(id) DEFERRABLE INITIALLY DEFERRED;


--
-- Name: web_contiene web_contiene_producto_id_5553a732_fk_web_producto_id; Type: FK CONSTRAINT; Schema: public; Owner: postgres
--

ALTER TABLE ONLY public.web_contiene
    ADD CONSTRAINT web_contiene_producto_id_5553a732_fk_web_producto_id FOREIGN KEY (producto_id) REFERENCES public.web_producto(id) DEFERRABLE INITIALLY DEFERRED;


--
-- Name: web_contiene web_contiene_venta_id_bd759704_fk_web_venta_id; Type: FK CONSTRAINT; Schema: public; Owner: postgres
--

ALTER TABLE ONLY public.web_contiene
    ADD CONSTRAINT web_contiene_venta_id_bd759704_fk_web_venta_id FOREIGN KEY (venta_id) REFERENCES public.web_venta(id) DEFERRABLE INITIALLY DEFERRED;


--
-- Name: web_formato web_formato_producto_id_842e01f8_fk_web_producto_id; Type: FK CONSTRAINT; Schema: public; Owner: postgres
--

ALTER TABLE ONLY public.web_formato
    ADD CONSTRAINT web_formato_producto_id_842e01f8_fk_web_producto_id FOREIGN KEY (producto_id) REFERENCES public.web_producto(id) DEFERRABLE INITIALLY DEFERRED;


--
-- Name: web_producto web_producto_categoria_id_d7291d19_fk_web_categoria_id; Type: FK CONSTRAINT; Schema: public; Owner: postgres
--

ALTER TABLE ONLY public.web_producto
    ADD CONSTRAINT web_producto_categoria_id_d7291d19_fk_web_categoria_id FOREIGN KEY (categoria_id) REFERENCES public.web_categoria(id) DEFERRABLE INITIALLY DEFERRED;


--
-- Name: web_venta web_venta_producto_id_591759c0_fk_web_producto_id; Type: FK CONSTRAINT; Schema: public; Owner: postgres
--

ALTER TABLE ONLY public.web_venta
    ADD CONSTRAINT web_venta_producto_id_591759c0_fk_web_producto_id FOREIGN KEY (producto_id) REFERENCES public.web_producto(id) DEFERRABLE INITIALLY DEFERRED;


--
-- Name: web_venta web_venta_user_id_0042b0ed_fk_auth_user_id; Type: FK CONSTRAINT; Schema: public; Owner: postgres
--

ALTER TABLE ONLY public.web_venta
    ADD CONSTRAINT web_venta_user_id_0042b0ed_fk_auth_user_id FOREIGN KEY (user_id) REFERENCES public.auth_user(id) DEFERRABLE INITIALLY DEFERRED;


--
-- PostgreSQL database dump complete
--

